<?xml version="1.0" encoding="utf-8"?>
<extension
	type="module"
	version="3.1"
	client="site">
	<name>mod_lupo_categories</name>
	<author>Stefan Bauer</author>
	<creationDate>June 2023</creationDate>
	<copyright>Copyright (C) databauer / Stefan Bauer</copyright>
	<license>License GNU General Public License version 2 or later</license>
	<authorEmail>stefan@databauer.ch</authorEmail>
	<authorUrl>https://www.ludothekprogramm.ch</authorUrl>
	<version>3.84.0</version>
	<description>MOD_LUPO_CATEGORIES_XML_DESCRIPTION</description>

	<customContent />
	<update />

	<files>
		<filename module="mod_lupo_categories">mod_lupo_categories.php</filename>
        <filename>helper.php</filename>
		<folder>tmpl</folder>
	</files>
	<languages>
		<language tag="en-GB">language/en-GB.mod_lupo_categories.ini</language>
		<language tag="en-GB">language/en-GB.mod_lupo_categories.sys.ini</language>
        <language tag="de-DE">language/de-DE.mod_lupo_categories.ini</language>
        <language tag="de-DE">language/de-DE.mod_lupo_categories.sys.ini</language>
	</languages>

	<help key="JHELP_EXTENSIONS_MODULE_MANAGER_CUSTOM_HTML" />
	<config>
		<fields name="params">
			<fieldset name="options" label="COM_MODULES_BASIC_FIELDSET_LABEL">
				<field
					name="show_number"
					type="radio"
					class="btn-group btn-group-yesno"
					default="1"
					label="MOD_LUPO_CATEGORIES_SHOW_NUMBER" >
					<option value="1">JYES</option>
					<option value="0">JNO</option>
				</field>
				<field
					name="show_number_class"
					type="text"
					label="MOD_LUPO_CATEGORIES_SHOW_NUMBER_CLASS"
					default="uk-badge"
					showon="show_number:1"
				/>
				<field
					name="show_newgames"
					type="radio"
					class="btn-group btn-group-yesno"
					default="1"
					label="MOD_LUPO_CATEGORIES_SHOW_NEWGAMES" >
					<option value="1">JYES</option>
					<option value="0">JNO</option>
				</field>
				<field
					name="show_categories"
					type="radio"
					class="btn-group btn-group-yesno"
					default="1"
					label="MOD_LUPO_CATEGORIES_SHOW_CATEGORIES" >
					<option value="1">JYES</option>
					<option value="0">JNO</option>
				</field>
				<field
					name="show_agecategories"
					type="radio"
					class="btn-group btn-group-yesno"
					default="1"
					label="MOD_LUPO_CATEGORIES_SHOW_AGECATEGORIES" >
					<option value="1">JYES</option>
					<option value="0">JNO</option>
				</field>
				<field
					name="show_genres"
					type="radio"
					class="btn-group btn-group-yesno"
					default="1"
					label="MOD_LUPO_CATEGORIES_SHOW_GENRES" >
					<option value="1">JYES</option>
					<option value="0">JNO</option>
				</field>
				<field
						name="filter_genres"
						type="textarea" rows="3"
						label="MOD_LUPO_CATEGORIES_FILTER_GENRES"
						description="MOD_LUPO_CATEGORIES_FILTER_GENRES_DESC" />
			</fieldset>
			<fieldset
				name="advanced">
				<field
					name="layout"
					type="modulelayout"
					label="JFIELD_ALT_LAYOUT_LABEL"
					description="JFIELD_ALT_MODULE_LAYOUT_DESC" />

				<field
					name="moduleclass_sfx"
					type="textarea" rows="3"
					label="COM_MODULES_FIELD_MODULECLASS_SFX_LABEL"
					description="COM_MODULES_FIELD_MODULECLASS_SFX_DESC" />

				<field
					name="cache"
					type="list"
					default="1"
					label="COM_MODULES_FIELD_CACHING_LABEL"
					description="COM_MODULES_FIELD_CACHING_DESC">
					<option
						value="1">JGLOBAL_USE_GLOBAL</option>
					<option
						value="0">COM_MODULES_FIELD_VALUE_NOCACHING</option>
				</field>

				<field
					name="cache_time"
					type="text"
					default="900"
					label="COM_MODULES_FIELD_CACHE_TIME_LABEL"
					description="COM_MODULES_FIELD_CACHE_TIME_DESC" />
				<field
					name="cachemode"
					type="hidden"
					default="static">
					<option
						value="static"></option>
				</field>
			</fieldset>
		</fields>
	</config>
</extension>
