<?xml version="1.0" encoding="utf-8"?>
<extension type="module" version="3.2" method="upgrade" client="administrator" >
	<name>LUPO Quick Icons</name>
	<author>Stefan Bauer</author>
	<creationDate>March 2020</creationDate>
	<copyright>Copyright (C) databauer / Stefan Bauer</copyright>
	<license>License GNU General Public License version 2 or later</license>
	<authorEmail>stefan@databauer.ch</authorEmail>
	<authorUrl>https://www.ludothekprogramm.ch</authorUrl>
	<version>3.26.0</version>
	<description>Quick Icons module for LUPO</description>
	<files>
		<filename module="mod_lupo_quickicon">mod_lupo_quickicon.php</filename>
	</files>
	<scriptfile>file.script.php</scriptfile>
</extension>
