<?xml version="1.0" encoding="utf-8"?>
<extension
	type="module"
	version="3.1"
	client="site">
	<name>mod_lupo_loginlink</name>
	<author>Stefan Bauer</author>
	<creationDate>January 2019</creationDate>
	<copyright>Copyright (C) databauer / Stefan Bauer</copyright>
	<license>License GNU General Public License version 2 or later</license>
	<authorEmail>stefan@databauer.ch</authorEmail>
	<authorUrl>http://www.ludothekprogramm.ch</authorUrl>
	<version>3.12.0</version>
	<description>MOD_LUPO_LOGINLINK_XML_DESCRIPTION</description>
	<update />

	<files>
		<filename module="mod_lupo_loginlink">mod_lupo_loginlink.php</filename>
        <filename>helper.php</filename>
		<folder>tmpl</folder>
	</files>
	<languages>
		<language tag="en-GB">language/en-GB.mod_lupo_loginlink.ini</language>
		<language tag="en-GB">language/en-GB.mod_lupo_loginlink.sys.ini</language>
        <language tag="de-DE">language/de-DE.mod_lupo_loginlink.ini</language>
        <language tag="de-DE">language/de-DE.mod_lupo_loginlink.sys.ini</language>
	</languages>

	<help key="JHELP_EXTENSIONS_MODULE_MANAGER_CUSTOM_HTML" />
	<config>
		<fields name="params">
			<fieldset name="basic">
				<field
					name="loginlink_url"
					type="text"
					label="MOD_LUPO_LOGINLINK_LOGIN_URL" >
				</field>
			</fieldset>
			<fieldset
				name="advanced">
				<field
					name="layout"
					type="modulelayout"
					label="JFIELD_ALT_LAYOUT_LABEL"
					description="JFIELD_ALT_MODULE_LAYOUT_DESC" />

				<field
					name="moduleclass_sfx"
					type="textarea" rows="3"
					label="COM_MODULES_FIELD_MODULECLASS_SFX_LABEL"
					description="COM_MODULES_FIELD_MODULECLASS_SFX_DESC" />

				<field
					name="cache"
					type="list"
					default="1"
					label="COM_MODULES_FIELD_CACHING_LABEL"
					description="COM_MODULES_FIELD_CACHING_DESC">
					<option
						value="1">JGLOBAL_USE_GLOBAL</option>
					<option
						value="0">COM_MODULES_FIELD_VALUE_NOCACHING</option>
				</field>

				<field
					name="cache_time"
					type="text"
					default="900"
					label="COM_MODULES_FIELD_CACHE_TIME_LABEL"
					description="COM_MODULES_FIELD_CACHE_TIME_DESC" />
				<field
					name="cachemode"
					type="hidden"
					default="static">
					<option
						value="static"></option>
				</field>
			</fieldset>
		</fields>
	</config>
</extension>
